rank,file,t_sec,score,U,A,D,n_boxes,n_ambiguous,empty,selected
1,frame_0070.jpg,28.0,0.7978,0.7955,0.6667,1.0,4,4,False,True
2,frame_0069.jpg,27.6,0.6943,0.5886,0.6667,1.0,4,4,False,False
3,frame_0125.jpg,50.0,0.6311,0.5741,0.6667,0.72,4,4,False,True
4,frame_0170.jpg,68.0,0.6171,0.5422,0.8333,0.48,6,5,False,True
5,frame_0073.jpg,29.2,0.6127,0.4253,0.6667,1.0,5,4,False,False
6,frame_0376.jpg,150.4,0.6025,0.641,0.8333,0.16,7,5,False,True
7,frame_0375.jpg,150.0,0.5897,0.4994,1.0,0.2,8,6,False,False
8,frame_0033.jpg,13.2,0.5864,0.4728,0.5,1.0,5,3,False,True
9,frame_0072.jpg,28.8,0.579,0.4579,0.5,1.0,6,3,False,False
10,frame_0123.jpg,49.2,0.5773,0.5985,0.5,0.64,4,3,False,False
11,frame_0287.jpg,114.8,0.572,0.472,0.6667,0.68,7,4,False,True
12,frame_0291.jpg,116.4,0.5695,0.503,0.5,0.84,4,3,False,False
13,frame_0024.jpg,9.6,0.5691,0.6382,0.1667,1.0,1,1,False,True
14,frame_0008.jpg,3.2,0.5683,0.4367,0.5,1.0,4,3,False,True
15,frame_0284.jpg,113.6,0.5635,0.503,0.6667,0.56,5,4,False,False
16,frame_0071.jpg,28.4,0.5621,0.4243,0.5,1.0,5,3,False,False
17,frame_0129.jpg,51.6,0.552,0.4519,0.5,0.88,5,3,False,False
18,frame_0332.jpg,132.8,0.5515,0.587,0.8333,0.04,6,5,False,True
19,frame_0079.jpg,31.6,0.5504,0.4808,0.5,0.8,6,3,False,True
20,frame_0031.jpg,12.4,0.541,0.382,0.5,1.0,7,3,False,False
21,frame_0029.jpg,11.6,0.5394,0.4789,0.3333,1.0,3,2,False,False
22,frame_0074.jpg,29.6,0.5391,0.3781,0.5,1.0,4,3,False,False
23,frame_0004.jpg,1.6,0.5389,0.3778,0.5,1.0,5,3,False,False
24,frame_0374.jpg,149.6,0.5348,0.5895,0.6667,0.2,7,4,False,False
25,frame_0184.jpg,73.6,0.5342,0.5364,0.8333,0.08,5,5,False,True
26,frame_0289.jpg,115.6,0.534,0.4639,0.5,0.76,3,3,False,False
27,frame_0002.jpg,0.8,0.5333,0.3665,0.5,1.0,4,3,False,True
28,frame_0306.jpg,122.4,0.5257,0.4554,0.8333,0.24,7,5,False,False
29,frame_0126.jpg,50.4,0.5193,0.4346,0.5,0.76,6,3,False,False
30,frame_0210.jpg,84.0,0.5175,0.5631,0.3333,0.68,2,2,False,False
31,frame_0384.jpg,153.6,0.5122,0.5603,0.6667,0.16,5,4,False,False
32,frame_0015.jpg,6.0,0.505,0.51,0.1667,1.0,2,1,False,False
33,frame_0288.jpg,115.2,0.497,0.4059,0.5,0.72,7,3,False,False
34,frame_0116.jpg,46.4,0.4884,0.4327,0.6667,0.36,7,4,False,False
35,frame_0295.jpg,118.0,0.4798,0.4877,0.3333,0.68,3,2,False,False
36,frame_0317.jpg,126.8,0.4785,0.4769,0.6667,0.2,7,4,False,False
37,frame_0127.jpg,50.8,0.4731,0.3262,0.5,0.8,6,3,False,False
38,frame_0377.jpg,150.8,0.4718,0.4955,0.6667,0.12,8,4,False,False
39,frame_0130.jpg,52.0,0.4667,0.3655,0.3333,0.92,3,2,False,False
40,frame_0388.jpg,155.2,0.4597,0.4553,0.6667,0.16,7,4,False,False
41,frame_0001.jpg,0.4,0.4575,0.315,0.3333,1.0,5,2,False,False
42,frame_0078.jpg,31.2,0.4569,0.3778,0.3333,0.84,4,2,False,False
43,frame_0128.jpg,51.2,0.4551,0.3743,0.3333,0.84,6,2,False,False
44,frame_0176.jpg,70.4,0.4544,0.4128,0.6667,0.24,7,4,False,False
45,frame_0206.jpg,82.4,0.4511,0.3983,0.3333,0.76,3,2,False,False
46,frame_0305.jpg,122.0,0.4492,0.4865,0.5,0.28,3,3,False,False
47,frame_0320.jpg,128.0,0.4481,0.5002,0.5,0.24,5,3,False,False
48,frame_0018.jpg,7.2,0.4479,0.2959,0.3333,1.0,3,2,False,False
49,frame_0387.jpg,154.8,0.4476,0.5152,0.5,0.2,7,3,False,False
50,frame_0007.jpg,2.8,0.446,0.292,0.3333,1.0,5,2,False,False
51,frame_0280.jpg,112.0,0.4445,0.429,0.5,0.4,4,3,False,False
52,frame_0025.jpg,10.0,0.4418,0.3836,0.1667,1.0,1,1,False,False
53,frame_0318.jpg,127.2,0.4412,0.3864,0.6667,0.24,6,4,False,False
54,frame_0067.jpg,26.8,0.438,0.276,0.3333,1.0,7,2,False,False
55,frame_0333.jpg,133.2,0.4349,0.4378,0.6667,0.08,7,4,False,False
56,frame_0328.jpg,131.2,0.4336,0.4351,0.6667,0.08,9,4,False,False
57,frame_0017.jpg,6.8,0.4329,0.3657,0.1667,1.0,2,1,False,False
58,frame_0286.jpg,114.4,0.4318,0.4076,0.3333,0.64,4,2,False,False
59,frame_0209.jpg,83.6,0.4312,0.3744,0.3333,0.72,3,2,False,False
60,frame_0233.jpg,93.2,0.4294,0.4628,0.5,0.24,6,3,False,False
61,frame_0021.jpg,8.4,0.4261,0.2523,0.3333,1.0,3,2,False,False
62,frame_0229.jpg,91.6,0.4254,0.4188,0.6667,0.08,7,4,False,False
63,frame_0314.jpg,125.6,0.4246,0.4172,0.6667,0.08,5,4,False,False
64,frame_0077.jpg,30.8,0.4232,0.2944,0.3333,0.88,5,2,False,False
65,frame_0297.jpg,118.8,0.4218,0.4036,0.3333,0.6,5,2,False,False
66,frame_0112.jpg,44.8,0.4216,0.4633,0.5,0.2,3,3,False,False
67,frame_0276.jpg,110.4,0.4215,0.3469,0.6667,0.24,6,4,False,False
68,frame_0010.jpg,4.0,0.4209,0.3418,0.1667,1.0,1,1,False,False
69,frame_0131.jpg,52.4,0.419,0.3539,0.1667,0.96,3,1,False,False
70,frame_0399.jpg,159.6,0.419,0.4261,0.5,0.28,7,3,False,False
71,frame_0189.jpg,75.6,0.4181,0.5041,0.5,0.08,3,3,False,False
72,frame_0300.jpg,120.0,0.4168,0.3416,0.5,0.48,6,3,False,False
73,frame_0106.jpg,42.4,0.4167,0.5175,0.5,0.04,6,3,False,False
74,frame_0230.jpg,92.0,0.4157,0.4833,0.5,0.12,6,3,False,False
75,frame_0329.jpg,131.6,0.4157,0.4993,0.5,0.08,8,3,False,False
76,frame_0213.jpg,85.2,0.4147,0.5054,0.1667,0.56,3,1,False,False
77,frame_0296.jpg,118.4,0.4136,0.3712,0.3333,0.64,5,2,False,False
78,frame_0398.jpg,159.2,0.413,0.43,0.5,0.24,7,3,False,False
79,frame_0020.jpg,8.0,0.4115,0.3229,0.1667,1.0,3,1,False,False
80,frame_0208.jpg,83.2,0.408,0.4119,0.1667,0.76,2,1,False,False
81,frame_0330.jpg,132.0,0.4071,0.3981,0.6667,0.04,8,4,False,False
82,frame_0014.jpg,5.6,0.4065,0.3129,0.1667,1.0,3,1,False,False
83,frame_0011.jpg,4.4,0.4049,0.3098,0.1667,1.0,3,1,False,False
84,frame_0122.jpg,48.8,0.4043,0.3687,0.3333,0.6,3,2,False,False
85,frame_0294.jpg,117.6,0.4009,0.3139,0.3333,0.72,3,2,False,False
86,frame_0226.jpg,90.4,0.4005,0.485,0.5,0.04,3,3,False,False
87,frame_0183.jpg,73.2,0.3998,0.3836,0.6667,0.04,4,4,False,False
88,frame_0121.jpg,48.4,0.3962,0.4683,0.1667,0.56,3,1,False,False
89,frame_0175.jpg,70.0,0.3951,0.3782,0.5,0.28,5,3,False,False
90,frame_0298.jpg,119.2,0.3947,0.3655,0.3333,0.56,5,2,False,False
91,frame_0075.jpg,30.0,0.3943,0.3046,0.1667,0.96,6,1,False,False
92,frame_0174.jpg,69.6,0.3937,0.4595,0.3333,0.32,4,2,False,False
93,frame_0032.jpg,12.8,0.3874,0.2747,0.1667,1.0,5,1,False,False
94,frame_0290.jpg,116.0,0.3829,0.3457,0.1667,0.8,2,1,False,False
95,frame_0006.jpg,2.4,0.3825,0.2649,0.1667,1.0,4,1,False,False
96,frame_0173.jpg,69.2,0.3796,0.4152,0.3333,0.36,4,2,False,False
97,frame_0080.jpg,32.0,0.3777,0.2514,0.3333,0.76,5,2,False,False
98,frame_0076.jpg,30.4,0.3776,0.2872,0.1667,0.92,4,1,False,False
99,frame_0124.jpg,49.6,0.377,0.2821,0.3333,0.68,6,2,False,False
100,frame_0299.jpg,119.6,0.3764,0.4447,0.1667,0.52,4,1,False,False
101,frame_0177.jpg,70.8,0.3741,0.3683,0.5,0.2,6,3,False,False
102,frame_0202.jpg,80.8,0.3737,0.3074,0.3333,0.6,4,2,False,False
103,frame_0005.jpg,2.0,0.3735,0.2469,0.1667,1.0,3,1,False,False
104,frame_0087.jpg,34.8,0.3709,0.4497,0.1667,0.48,3,1,False,False
105,frame_0368.jpg,147.2,0.3707,0.4253,0.5,0.04,8,3,False,False
106,frame_0275.jpg,110.0,0.3694,0.3587,0.5,0.2,5,3,False,False
107,frame_0092.jpg,36.8,0.3677,0.4235,0.3333,0.28,2,2,False,False
108,frame_0225.jpg,90.0,0.3654,0.3987,0.5,0.08,7,3,False,False
109,frame_0132.jpg,52.8,0.3592,0.2183,0.1667,1.0,3,1,False,False
110,frame_0000.jpg,0.0,0.3568,0.2135,0.1667,1.0,5,1,False,False
111,frame_0003.jpg,1.2,0.3549,0.2098,0.1667,1.0,5,1,False,False
112,frame_0198.jpg,79.2,0.3517,0.4274,0.1667,0.44,2,1,False,False
113,frame_0321.jpg,128.4,0.3509,0.4219,0.3333,0.2,6,2,False,False
114,frame_0385.jpg,154.0,0.3499,0.3198,0.5,0.2,6,3,False,False
115,frame_0271.jpg,108.4,0.3494,0.4829,0.3333,0.04,3,2,False,False
116,frame_0068.jpg,27.2,0.3474,0.1947,0.1667,1.0,3,1,False,False
117,frame_0205.jpg,82.0,0.346,0.3039,0.1667,0.72,2,1,False,False
118,frame_0327.jpg,130.8,0.3422,0.3684,0.5,0.04,9,3,False,False
119,frame_0188.jpg,75.2,0.3417,0.3674,0.5,0.04,5,3,False,False
120,frame_0192.jpg,76.8,0.3414,0.4028,0.3333,0.2,4,2,False,False
121,frame_0396.jpg,158.4,0.3414,0.4188,0.3333,0.16,6,2,False,False
122,frame_0373.jpg,149.2,0.3404,0.4168,0.3333,0.16,6,2,False,False
123,frame_0168.jpg,67.2,0.3389,0.2539,0.3333,0.56,5,2,False,False
124,frame_0204.jpg,81.6,0.3382,0.3044,0.1667,0.68,2,1,False,False
125,frame_0285.jpg,114.0,0.3376,0.3352,0.1667,0.6,4,1,False,False
126,frame_0082.jpg,32.8,0.3349,0.2978,0.1667,0.68,2,1,False,False
127,frame_0315.jpg,126.0,0.3337,0.3194,0.5,0.12,5,3,False,False
128,frame_0310.jpg,124.0,0.3332,0.4344,0.3333,0.08,3,2,False,False
129,frame_0207.jpg,82.8,0.3328,0.2455,0.1667,0.8,3,1,False,False
130,frame_0301.jpg,120.4,0.3324,0.2888,0.3333,0.44,5,2,False,False
131,frame_0214.jpg,85.6,0.3322,0.3563,0.1667,0.52,2,1,False,False
132,frame_0089.jpg,35.6,0.3318,0.3036,0.3333,0.4,6,2,False,False
133,frame_0232.jpg,92.8,0.3267,0.3734,0.3333,0.2,3,2,False,False
134,frame_0216.jpg,86.4,0.326,0.376,0.1667,0.44,4,1,False,False
135,frame_0390.jpg,156.0,0.326,0.3199,0.5,0.08,6,3,False,False
136,frame_0319.jpg,127.6,0.3253,0.3386,0.3333,0.28,6,2,False,False
137,frame_0100.jpg,40.0,0.3221,0.3282,0.5,0.04,5,3,False,False
138,frame_0283.jpg,113.2,0.3214,0.3347,0.1667,0.52,3,1,False,False
139,frame_0370.jpg,148.0,0.3209,0.3258,0.5,0.04,6,3,False,False
140,frame_0293.jpg,117.2,0.3189,0.2338,0.1667,0.76,4,1,False,False
141,frame_0009.jpg,3.6,0.3188,0.2376,0.0,1.0,2,0,False,False
142,frame_0028.jpg,11.2,0.3173,0.2345,0.0,1.0,3,0,False,False
143,frame_0167.jpg,66.8,0.3172,0.2943,0.1667,0.6,3,1,False,False
144,frame_0217.jpg,86.8,0.317,0.3739,0.1667,0.4,2,1,False,False
145,frame_0279.jpg,111.6,0.3165,0.289,0.3333,0.36,5,2,False,False
146,frame_0316.jpg,126.4,0.3163,0.2685,0.5,0.16,6,3,False,False
147,frame_0178.jpg,71.2,0.3121,0.3603,0.3333,0.16,7,2,False,False
148,frame_0304.jpg,121.6,0.3092,0.2904,0.3333,0.32,5,2,False,False
149,frame_0012.jpg,4.8,0.3042,0.2084,0.0,1.0,1,0,False,False
150,frame_0027.jpg,10.8,0.3037,0.2073,0.0,1.0,2,0,False,False
151,frame_0023.jpg,9.2,0.3031,0.2062,0.0,1.0,1,0,False,False
152,frame_0108.jpg,43.2,0.3026,0.3893,0.3333,0.04,5,2,False,False
153,frame_0030.jpg,12.0,0.3017,0.2034,0.0,1.0,4,0,False,False
154,frame_0394.jpg,157.6,0.3017,0.3715,0.3333,0.08,4,2,False,False
155,frame_0218.jpg,87.2,0.3013,0.3585,0.1667,0.36,3,1,False,False
156,frame_0115.jpg,46.0,0.3009,0.2739,0.3333,0.32,6,2,False,False
157,frame_0211.jpg,84.4,0.3009,0.2458,0.1667,0.64,3,1,False,False
158,frame_0223.jpg,89.2,0.3005,0.3371,0.3333,0.16,3,2,False,False
159,frame_0114.jpg,45.6,0.299,0.286,0.3333,0.28,5,2,False,False
160,frame_0274.jpg,109.6,0.299,0.334,0.3333,0.16,5,2,False,False
161,frame_0026.jpg,10.4,0.2979,0.1959,0.0,1.0,3,0,False,False
162,frame_0231.jpg,92.4,0.2978,0.3316,0.3333,0.16,7,2,False,False
163,frame_0019.jpg,7.6,0.2954,0.1909,0.0,1.0,2,0,False,False
164,frame_0193.jpg,77.2,0.2939,0.2918,0.3333,0.24,4,2,False,False
165,frame_0311.jpg,124.4,0.2932,0.3705,0.3333,0.04,2,2,False,False
166,frame_0303.jpg,121.2,0.2927,0.3414,0.1667,0.36,3,1,False,False
167,frame_0111.jpg,44.4,0.2925,0.3211,0.3333,0.16,3,2,False,False
168,frame_0013.jpg,5.2,0.2901,0.1802,0.0,1.0,1,0,False,False
169,frame_0117.jpg,46.8,0.2875,0.3149,0.1667,0.4,5,1,False,False
170,frame_0395.jpg,158.0,0.2872,0.3264,0.3333,0.12,5,2,False,False
171,frame_0083.jpg,33.2,0.2839,0.2117,0.1667,0.64,4,1,False,False
172,frame_0397.jpg,158.8,0.2829,0.2859,0.3333,0.2,5,2,False,False
173,frame_0386.jpg,154.4,0.2824,0.3688,0.1667,0.24,7,1,False,False
174,frame_0016.jpg,6.4,0.2813,0.1627,0.0,1.0,3,0,False,False
175,frame_0281.jpg,112.4,0.2786,0.2812,0.1667,0.44,4,1,False,False
176,frame_0224.jpg,89.6,0.2769,0.4057,0.1667,0.12,5,1,False,False
177,frame_0091.jpg,36.4,0.2764,0.3247,0.1667,0.32,2,1,False,False
178,frame_0133.jpg,53.2,0.2752,0.1504,0.0,1.0,6,0,False,False
179,frame_0378.jpg,151.2,0.2752,0.3184,0.3333,0.08,8,2,False,False
180,frame_0086.jpg,34.4,0.272,0.2359,0.1667,0.52,4,1,False,False
181,frame_0220.jpg,88.0,0.2694,0.3268,0.1667,0.28,2,1,False,False
182,frame_0022.jpg,8.8,0.2669,0.1338,0.0,1.0,1,0,False,False
183,frame_0196.jpg,78.4,0.2662,0.2883,0.1667,0.36,2,1,False,False
184,frame_0228.jpg,91.2,0.2654,0.3149,0.3333,0.04,5,2,False,False
185,frame_0203.jpg,81.2,0.261,0.2659,0.0,0.64,3,0,False,False
186,frame_0085.jpg,34.0,0.2597,0.1954,0.1667,0.56,3,1,False,False
187,frame_0267.jpg,106.8,0.2587,0.2695,0.3333,0.12,5,2,False,False
188,frame_0095.jpg,38.0,0.2573,0.2506,0.3333,0.16,6,2,False,False
189,frame_0379.jpg,151.6,0.2573,0.2987,0.3333,0.04,9,2,False,False
190,frame_0391.jpg,156.4,0.255,0.2941,0.3333,0.04,6,2,False,False
191,frame_0269.jpg,107.6,0.2537,0.2915,0.3333,0.04,4,2,False,False
192,frame_0120.jpg,48.0,0.2515,0.1949,0.1667,0.52,4,1,False,False
193,frame_0118.jpg,47.2,0.2508,0.2255,0.1667,0.44,3,1,False,False
194,frame_0302.jpg,120.8,0.2508,0.2415,0.1667,0.4,6,1,False,False
195,frame_0119.jpg,47.6,0.2491,0.2061,0.1667,0.48,4,1,False,False
196,frame_0313.jpg,125.2,0.2479,0.3798,0.1667,0.04,2,1,False,False
197,frame_0212.jpg,84.8,0.2478,0.2557,0.0,0.6,2,0,False,False
198,frame_0382.jpg,152.8,0.2448,0.2576,0.3333,0.08,5,2,False,False
199,frame_0307.jpg,122.8,0.2438,0.3075,0.1667,0.2,7,1,False,False
200,frame_0292.jpg,116.8,0.2437,0.1674,0.0,0.8,5,0,False,False
201,frame_0372.jpg,148.8,0.242,0.336,0.1667,0.12,5,1,False,False
202,frame_0268.jpg,107.2,0.2391,0.2462,0.3333,0.08,5,2,False,False
203,frame_0081.jpg,32.4,0.2372,0.1865,0.0,0.72,6,0,False,False
204,frame_0277.jpg,110.8,0.237,0.262,0.1667,0.28,4,1,False,False
205,frame_0084.jpg,33.6,0.2362,0.2324,0.0,0.6,3,0,False,False
206,frame_0101.jpg,40.4,0.2347,0.3374,0.1667,0.08,5,1,False,False
207,frame_0278.jpg,111.2,0.2337,0.2394,0.1667,0.32,5,1,False,False
208,frame_0195.jpg,78.0,0.2333,0.2385,0.1667,0.32,3,1,False,False
209,frame_0105.jpg,42.0,0.232,0.3319,0.1667,0.08,5,1,False,False
210,frame_0090.jpg,36.0,0.2308,0.2175,0.1667,0.36,5,1,False,False
211,frame_0322.jpg,128.8,0.2232,0.2824,0.1667,0.16,5,1,False,False
212,frame_0383.jpg,153.2,0.222,0.296,0.1667,0.12,6,1,False,False
213,frame_0094.jpg,37.6,0.2175,0.255,0.1667,0.2,5,1,False,False
214,frame_0272.jpg,108.8,0.2174,0.3027,0.1667,0.08,2,1,False,False
215,frame_0098.jpg,39.2,0.2169,0.3177,0.1667,0.04,3,1,False,False
216,frame_0102.jpg,40.8,0.2157,0.2833,0.1667,0.12,3,1,False,False
217,frame_0113.jpg,45.2,0.2149,0.2337,0.1667,0.24,5,1,False,False
218,frame_0222.jpg,88.8,0.2125,0.2449,0.1667,0.2,4,1,False,False
219,frame_0308.jpg,123.2,0.2094,0.2548,0.1667,0.16,5,1,False,False
220,frame_0389.jpg,155.6,0.2089,0.2697,0.1667,0.12,5,1,False,False
221,frame_0367.jpg,146.8,0.2086,0.2851,0.1667,0.08,7,1,False,False
222,frame_0190.jpg,76.0,0.2076,0.2671,0.1667,0.12,4,1,False,False
223,frame_0179.jpg,71.6,0.2071,0.2661,0.1667,0.12,4,1,False,False
224,frame_0197.jpg,78.8,0.2046,0.2492,0.0,0.4,1,0,False,False
225,frame_0169.jpg,67.6,0.2038,0.1996,0.0,0.52,5,0,False,False
226,frame_0323.jpg,129.2,0.2013,0.2545,0.1667,0.12,4,1,False,False
227,frame_0103.jpg,41.2,0.2008,0.2375,0.1667,0.16,4,1,False,False
228,frame_0201.jpg,80.4,0.2004,0.1768,0.0,0.56,3,0,False,False
229,frame_0093.jpg,37.2,0.1971,0.1982,0.1667,0.24,6,1,False,False
230,frame_0096.jpg,38.4,0.1946,0.2412,0.1667,0.12,7,1,False,False
231,frame_0371.jpg,148.4,0.1856,0.2391,0.1667,0.08,5,1,False,False
232,frame_0186.jpg,74.4,0.184,0.252,0.1667,0.04,6,1,False,False
233,frame_0309.jpg,123.6,0.1839,0.2198,0.1667,0.12,6,1,False,False
234,frame_0200.jpg,80.0,0.1832,0.1584,0.0,0.52,2,0,False,False
235,frame_0219.jpg,87.6,0.1815,0.235,0.0,0.32,3,0,False,False
236,frame_0282.jpg,112.8,0.1796,0.1672,0.0,0.48,2,0,False,False
237,frame_0215.jpg,86.0,0.1793,0.1665,0.0,0.48,4,0,False,False
238,frame_0097.jpg,38.8,0.1772,0.2223,0.1667,0.08,6,1,False,False
239,frame_0088.jpg,35.2,0.1766,0.1772,0.0,0.44,4,0,False,False
240,frame_0324.jpg,129.6,0.1754,0.2188,0.1667,0.08,4,1,False,False
241,frame_0185.jpg,74.0,0.172,0.212,0.1667,0.08,5,1,False,False
242,frame_0171.jpg,68.4,0.1692,0.1623,0.0,0.44,2,0,False,False
243,frame_0199.jpg,79.6,0.1617,0.1314,0.0,0.48,2,0,False,False
244,frame_0393.jpg,157.2,0.1537,0.1914,0.1667,0.04,4,1,False,False
245,frame_0172.jpg,68.8,0.1521,0.1441,0.0,0.4,5,0,False,False
246,frame_0194.jpg,77.6,0.1514,0.1907,0.0,0.28,4,0,False,False
247,frame_0381.jpg,152.4,0.1453,0.1746,0.1667,0.04,4,1,False,False
248,frame_0221.jpg,88.4,0.1402,0.1844,0.0,0.24,2,0,False,False
249,frame_0191.jpg,76.4,0.1284,0.1927,0.0,0.16,2,0,False,False
250,frame_0110.jpg,44.0,0.1258,0.2036,0.0,0.12,1,0,False,False
251,frame_0273.jpg,109.2,0.1079,0.1678,0.0,0.12,3,0,False,False
252,frame_0181.jpg,72.4,0.1076,0.1993,0.0,0.04,5,0,False,False
253,frame_0109.jpg,43.6,0.099,0.1661,0.0,0.08,3,0,False,False
254,frame_0104.jpg,41.6,0.082,0.1161,0.0,0.12,3,0,False,False
255,frame_0325.jpg,130.0,0.0791,0.1422,0.0,0.04,4,0,False,False
256,frame_0180.jpg,72.0,0.0661,0.1002,0.0,0.08,1,0,False,False
